no	Article No	Doi Number	Used form Perovskite	Type of perovskite	Perovskite	A	x of A	A1/B1	x of A1/B1	B	x of B	X	x of X	Additional material	Ratio of additional to the perovskite	Synthesis Method of Perovskite	Dope	deope percentage (%)	cocatalyst %	cocatalyst method	cocatalyst	cocat-2 %	cocat-2 method	cocat-2	Bet Surface Area (m2g-1)	Calcination Time (h)	Calcination Temperature (C )	cat W (g)	wavelenght	Light Type	Reaction Temperature (C )	Reaction Pressure (bar)	Liq or Gas	Band Gap*	Crystal stracture	H2O:CO2	total yield (?mol gcat-1 h-1)
134	33	https://doi.org/10.1016/j.apsusc.2018.04.049	SrTiO3	titanate	SrTiO3	Sr	1			Ti	1.01	O	3	No		HT	none			none	none		none	none	17	24	200	0.02	400	visible	25	1	liq	3.31	tetragonal		4.068333333
135	33	https://doi.org/10.1016/j.apsusc.2018.04.049	SrTiO3	titanate	SrTiO3	Sr	1			Ti	1.1	O	3	No		HT	none			none	none		none	none	13	24	200	0.02	400	visible	25	1	liq	3.3	octahedron		5.846666667
136	33	https://doi.org/10.1016/j.apsusc.2018.04.049	SrTiO3	titanate	SrTiO3	Sr	1			Ti	0.98	O	3	No		HT	none			none	none		none	none	17	24	200	0.02	400	visible	25	1	liq	3.31	octahedron		3.05
137	34	http://dx.doi.org/10.1016/j.apsusc.2015.08.063	BaCeO3	other	BaCeO3	Ba	1			Ce	1	O	3	No		PTP	none			none	none		none	none	3.4	6	1000	0.1	350	UV	25	1	liq	3.2	cubic		0.0685077
138	34	http://dx.doi.org/10.1016/j.apsusc.2015.08.063	BaCeO3	other	BaCeO3	Ba	1			Ce	1	O	3	Yes		PTP	none		0.5	impregnation	Au		none	none	3.4	6	1000	0.1	350	UV	25	1	liq	3.2	cubic		0.082846522
139	34	http://dx.doi.org/10.1016/j.apsusc.2015.08.063	BaCeO3	other	BaCeO3	Ba	1			Ce	1	O	3	Yes		PTP	none		0.5	impregnation	CuO		none	none	3.4	6	1000	0.1	350	UV	25	1	liq	3.2	cubic		0.10196495
140	34	http://dx.doi.org/10.1016/j.apsusc.2015.08.063	BaCeO3	other	BaCeO3	Ba	1			Ce	1	O	3	Yes		PTP	none		0.5	impregnation	Pt		none	none	3.4	6	1000	0.1	350	UV	25	1	liq	3.2	cubic		0.115507169
141	34	http://dx.doi.org/10.1016/j.apsusc.2015.08.063	BaCeO3	other	BaCeO3	Ba	1			Ce	1	O	3	Yes		PTP	none		0.5	impregnation	RuO2		none	none	3.4	6	1000	0.1	350	UV	25	1	liq	3.2	cubic		0.14338821
142	34	http://dx.doi.org/10.1016/j.apsusc.2015.08.063	BaCeO3	other	BaCeO3	Ba	1			Ce	1	O	3	Yes		PTP	none		0.5	chemical reduction	Ag		none	none	3.4	6	1000	0.1	350	UV	25	1	liq	3.2	cubic		0.39511418
143	34	http://dx.doi.org/10.1016/j.apsusc.2015.08.063	BaCeO3	other	BaCeO3	Ba	1			Ce	1	O	3	Yes		PTP	none		0.3	chemical reduction	Ag		none	none	3.4	6	1000	0.1	350	UV	25	1	liq	3.2	cubic		0.554285714
144	34	http://dx.doi.org/10.1016/j.apsusc.2015.08.063	BaCeO3	other	BaCeO3	Ba	1			Ce	1	O	3	Yes		PTP	none		0.2	chemical reduction	Ag		none	none	3.4	6	1000	0.1	350	UV	25	1	liq	3.2	cubic		0.277142857
145	35	http://dx.doi.org/10.1016/j.cattod.2017.02.050	SrTiO3	titanate	SrTiO3	Sr	1			Ti	1	O	3	No		APC	none			none	none		none	none	12	2	900	0.4	463	visible			liq	3.13	cubic		352.22
146	35	http://dx.doi.org/10.1016/j.cattod.2017.02.050	SrTiFeSON	layered	SrTiFeSON	Sr				Ti		O		Yes		APC	"Fe,S,N"	3		none	none		none	none	12	2	900	0.4	463	visible			liq	2.75	cubic		557.14
147	35	http://dx.doi.org/10.1016/j.cattod.2017.02.050	Sr3Ti2O7	layered	Sr3Ti2O7	Sr	3			Ti	2	O	7	No		APC	none			none	none		none	none	25	2	900	0.4	463	visible			liq	3.14	cubic		377.83
148	35	http://dx.doi.org/10.1016/j.cattod.2017.02.050	Sr3TiFeSON	layered	Sr3TiFeSON	Sr				Ti		O		Yes		APC	"Fe,S,N"	3		none	none		none	none	25	2	900	0.4	463	visible			liq	2.4	cubic		1226.35
149	35	http://dx.doi.org/10.1016/j.cattod.2017.02.050	Sr4Ti3O10	layered	Sr4Ti3O10	Sr	4			Ti	3	O	10	No		APC	none			none	none		none	none	15	2	900	0.4	463	visible			liq	3.12	cubic		406.65
150	35	http://dx.doi.org/10.1016/j.cattod.2017.02.050	Sr3TiFeSON	layered	Sr3TiFeSON	Sr				Ti		O		Yes		APC	"Fe,S,N"	3		none	none		none	none	15	2	900	0.4	463	visible			liq	2.71	cubic		662.81
151	36	10.1039/c4ra11985a	Sr3Ti2O7	layered	Sr3Ti2O7	Sr	3			Ti	2	O	7	No		MPC	none			none	none		none	none	20	2	900	0.4	420	visible			liq	3.14	cubic		23.61
152	36	10.1039/c4ra11985a	Sr3Ti2ON	layered	Sr3Ti2ON	Sr	3			Ti	2	O		Yes		MPC	N	3		none	none		none	none	25	2	900	0.4	420	visible			liq	2.99	cubic		26.58
153	36	10.1039/c4ra11985a	Sr3TiS2ON	layered	Sr3TiS2ON	Sr	3			Ti		O		Yes		MPC	"S,N"	3		none	none		none	none	25	2	900	0.4	420	visible			liq	2.85	cubic		45
154	36	10.1039/c4ra11985a	Sr3TiFeO7	layered	Sr3TiFeO7	Sr	3			Ti		O	7	Yes		MPC	Fe	3		none	none		none	none	25	2	900	0.4	420	visible			liq	2.73	cubic		37.61
155	36	10.1039/c4ra11985a	Sr3TiFeON	layered	Sr3TiFeON	Sr	3			Ti		O		Yes		MPC	"Fe,N"	3		none	none		none	none	25	2	900	0.4	420	visible			liq	2.57	cubic		57.77
156	36	10.1039/c4ra11985a	Sr3TiFeS2ON	layered	Sr3TiFeS2ON	Sr	3			Ti		O		Yes		MPC	"Fe,N,S"	3		none	none		none	none	25	2	900	0.4	420	visible			liq	2.39	cubic		75.56
157	37	10.1002/bkcs.11100	CaTiO3@BF	titanate	CaTiO3	Ca	1			Ti	1	O	3	Yes		HT	none			none	none		none	none	5.4	6	900		365	visible		1	liq	3.59	cubic		2.34125
158	37	10.1002/bkcs.11100	CaTiO3@BF	titanate	CaTiO3	Ca	1			Ti	1	O	3	Yes		HT	none			none	none		none	none	5.4	6	900		365	visible		1	liq	3.61	cubic		13.5675
159	37	10.1002/bkcs.11100	CaTiO3@BF	titanate	CaTiO3	Ca	1			Ti	1	O	3	Yes		HT	none			none	none		none	none	5.4	6	900		365	visible		1	liq	3.66	cubic		2.505
160	38	10.1016/j.egypro.2019.01.148	PBNO/5%CP/GF	layered	PbBi2Nb2O9	Pb	1	Bi	2	Nb	2	O	9	Yes		SS	none			none	none		none	none	24	5	950			visible	35		liq	3.7	orthorhombic		237.28
161	38	10.1016/j.egypro.2019.01.148	PBNO/10%CP/GF	layered	PbBi2Nb2O9	Pb	1	Bi	2	Nb	2	O	9	Yes		SS	none			none	none		none	none	24	5	950			visible	35		liq	3.7	orthorhombic		356.01
162	38	10.1016/j.egypro.2019.01.148	PBNO/15%CP/GF	layered	PbBi2Nb2O9	Pb	1	Bi	2	Nb	2	O	9	Yes		SS	none			none	none		none	none	24	5	950			visible	35		liq	3.7	orthorhombic		325.63
163	38	10.1016/j.egypro.2019.01.148	PBNO/20%CP/GF	layered	PbBi2Nb2O9	Pb	1	Bi	2	Nb	2	O	9	Yes		SS	none			none	none		none	none	24	5	950			visible	35		liq	3.7	orthorhombic		249.2
164	39	https://doi.org/10.1016/j.jallcom.2022.165880	Bi4Ti3O12	layered	Bi4Ti3O12	Bi	4			Ti	3	O	12	No		MS	none			none	none		none	none	15.49	2	720	0.02	380	visible	25	1	liq	2.97	orthorhombic		58.06
165	39	https://doi.org/10.1016/j.jallcom.2022.165880	Bi4Ti3O12	layered	Bi4Ti3O12	Bi	4			Ti	3	O	12	No		HT	none			none	none		none	none	9.53	2	720	0.02	380	visible	25	1	liq	2.9	orthorhombic		32.89
166	40	https://doi.org/10.1016/j.jcis.2022.05.092	SrTiO3	titanate	SrTiO3	Sr	1			Ti	1	O	3	No		solvothermal	none			none	none		none	none	6.8	3	180	0.05	400	visible	25	1	liq	3.33	cubic		0.07
167	40	https://doi.org/10.1016/j.jcis.2022.05.092	SrTiO3-sol	titanate	SrTiO3	Sr	1			Ti	1	O	3	Yes		solvothermal	none			none	none		none	none	6.8	3	180	0.05	400	visible	25	1	liq	3.33	cubic		0.28
168	40	https://doi.org/10.1016/j.jcis.2022.05.092	SrTiO3/Cu-0.1	titanate	SrTiO3	Sr	1			Ti	1	O	3	Yes		solvothermal	none		0.1	precipitation	Cu		none	none	6.8	3	180	0.05	400	visible	25	1	liq	3.33	cubic		1.91
169	40	https://doi.org/10.1016/j.jcis.2022.05.092	BaTiO3	titanate	BaTiO3	Ba	1			Ti	1	O	3	No		solvothermal	none			none	none		none	none	3	3	180	0.05	400	visible	25	1	liq	3.26	tetragonal		0.16
170	40	https://doi.org/10.1016/j.jcis.2022.05.092	BaTiO3-sol	titanate	BaTiO3	Ba	1			Ti	1	O	3	Yes		solvothermal	none			none	none		none	none	3	3	180	0.05	400	visible	25	1	liq	3.25	tetragonal		0.21
171	40	https://doi.org/10.1016/j.jcis.2022.05.092	BaTiO3/Cu-0.1	titanate	BaTiO3	Ba	1			Ti	1	O	3	Yes		solvothermal	none		0.1	precipitation	Cu		none	none	3	3	180	0.05	400	visible	25	1	liq	3.26	tetragonal		1.17
172	41	https://doi.org/10.1016/j.jcis.2017.10.057	KTaO3	tantalate	KTaO3	K	1			Ta	1	O	3	No		HT	none			none	none		none	none	5.2	1	600	0.02	365	UV			liq	3.59	cubic		8.26
173	41	https://doi.org/10.1016/j.jcis.2017.10.057	1NiO-KTaO3	tantalate	KTaO3	K	1			Ta	1	O	3	Yes		HT	none		1	impregnation	NiO		none	none	5.2	1	600	0.02	365	UV			liq	3.59	cubic		1082.64
174	41	https://doi.org/10.1016/j.jcis.2017.10.057	2NiO-KTaO3	tantalate	KTaO3	K	1			Ta	1	O	3	Yes		HT	none		2	impregnation	NiO		none	none	5.2	1	600	0.02	365	UV			liq	3.59	cubic		1516.5
175	41	https://doi.org/10.1016/j.jcis.2017.10.057	3NiO-KTaO3	tantalate	KTaO3	K	1			Ta	1	O	3	Yes		HT	none		3	impregnation	NiO		none	none	5.2	1	600	0.02	365	UV			liq	3.59	cubic		1380.2
176	41	https://doi.org/10.1016/j.jcis.2017.10.057	4NiO-KTaO3	tantalate	KTaO3	K	1			Ta	1	O	3	Yes		HT	none		4	impregnation	NiO		none	none	5.2	1	600	0.02	365	UV			liq	3.59	cubic		1227.3
177	41	https://doi.org/10.1016/j.jcis.2017.10.057	5NiO-KTaO3	tantalate	KTaO3	K	1			Ta	1	O	3	Yes		HT	none		5	impregnation	NiO		none	none	5.2	1	600	0.02	365	UV			liq	3.59	cubic		942.1
178	42	http://dx.doi.org/10.1016/j.jcou.2015.10.004	SrTiO3	titanate	SrTiO3	Sr	1			Ti	1	O	3	No		sonochemistry	none			none	none		none	none	30.7			0.02	420	visible			liq	3.45	cubic		0
179	42	http://dx.doi.org/10.1016/j.jcou.2015.10.004	Cr doped SrTiO3	titanate	SrTiO3	Sr	1			Ti	1	O	3	Yes		UT	Cr			none	none		none	none	54.3			0.02	420	visible			liq	3.35	cubic		0.88
180	43	https://doi.org/10.1016/j.cej.2022.139273	Cu doped-LaFeO3	ferrite	LaFeO3	La	1			Fe	1	O	3	Yes		SG	Cu			none	none		none	none	24	4	350	0.05		visible	25	1	liq	1.94	orthorhombic		12.33
181	43	https://doi.org/10.1016/j.cej.2022.139273	Cu doped-LaFeO3-N2	ferrite	LaFeO3	La	1			Fe	1	O	3	Yes		SG	Cu			none	none		none	none	24	4	350	0.05		visible	25	1	liq	1.92	orthorhombic		10.11333333
182	44	10.1038/s41598-017-16605-w	Sr2TiO4	layered	Sr2TiO4	Sr	2			Ti	1	O	4	No		SG	none			none	none		none	none	1.19	6	1050	0.01	365	UV	25		liq	3.33	tetragonal		50.6
183	44	10.1038/s41598-017-16605-w	H-Sr2TiO4	layered	Sr2TiO4	Sr	2			Ti	1	O	4	Yes		SG	none			none	none		none	none	0.78	6	1050	0.01	365	UV	25		liq	3.34	tetragonal		122.9
184	44	10.1038/s41598-017-16605-w	E-Sr2TiO4	layered	Sr2TiO4	Sr	2			Ti	1	O	4	Yes		SG	none			none	none		none	none	358.54	6	1050	0.01	365	UV	25		liq	3.03	tetragonal		432
185	45	10.1021/acs.est.6b04958	LaFeO3	ferrite	LaFeO3	La	1			Fe	1	O	3	No		SG	none			none	none		none	none	4.5	2	600	0.2	534	visible		1	liq	2	orthorhombic		76.58666667
186	45	10.1021/acs.est.6b04958	LFO-AC	ferrite	LaFeO3	La	1			Fe	1	O	3	Yes		SG	none			none	none		none	none	30.4	2	600	0.2	534	visible		1	liq	2.2	orthorhombic		146.4466667
187	45	10.1021/acs.est.6b04958	6N-LFO-AC	ferrite	LaFeO3	La	1			Fe	1	O	3	Yes		SG	N			none	none		none	none	31.7	2	600	0.2	534	visible		1	liq	1.82	orthorhombic		232.5933333
188	45	10.1021/acs.est.6b04958	6T/6N-LFO-AC	ferrite	LaFeO3	La	1			Fe	1	O	3	Yes		SG	N			none	none		none	none	36.58	2	600	0.2	534	visible		1	liq	1.82	orthorhombic		325.2866667
189	46	https://doi.org/10.1016/j.apsusc.2021.151406	Ba2NbFeO6-gC3N4	layered	Ba2NbFeO6	Ba	2	Nb	1	Fe	1	O	6	Yes		SS	none			none	none		none	none	2	5	800	0.004	425	visible			liq	2.86	octahedron		41.88
190	47	dx.doi.org/10.1021/ja207586e	BaLa4Ti4O15	layered	BaLa4Ti4O15	Ba	1	La	4	Ti	4	O	15	No		PC	none			none	none		none	none	13.5	10	1100	0.3		UV	25	1	liq	3.9	trigonal		25.66666667
191	47	dx.doi.org/10.1021/ja207586e	BaLa4Ti4O15	layered	BaLa4Ti4O15	Ba	1	La	4	Ti	4	O	15	Yes		PC	none		0.5	impregnation	NiO		none	none	20	10	1100	0.3		UV	25	1	liq	3.9	trigonal		290.0666667
192	47	dx.doi.org/10.1021/ja207586e	BaLa4Ti4O15	layered	BaLa4Ti4O15	Ba	1	La	4	Ti	4	O	15	Yes		PC	none		0.5	photodeposition	Ru		none	none	20	10	1100	0.3		UV	25	1	liq	3.9	trigonal		416.6666667
193	47	dx.doi.org/10.1021/ja207586e	BaLa4Ti4O15	layered	BaLa4Ti4O15	Ba	1	La	4	Ti	4	O	15	Yes		PC	none		0.5	photodeposition	Cu		none	none	20	10	1100	0.3		UV	25	1	liq	3.9	trigonal		472
194	47	dx.doi.org/10.1021/ja207586e	BaLa4Ti4O15	layered	BaLa4Ti4O15	Ba	1	La	4	Ti	4	O	15	Yes		PC	none		0.5	photodeposition	Au		none	none	20	10	1100	0.3		UV	25	1	liq	3.9	trigonal		536.6666667
195	47	dx.doi.org/10.1021/ja207586e	BaLa4Ti4O15	layered	BaLa4Ti4O15	Ba	1	La	4	Ti	4	O	15	Yes		PC	none		1	photodeposition	Ag		none	none	20	10	1100	0.3		UV	25	1	liq	3.9	trigonal		72
196	47	dx.doi.org/10.1021/ja207586e	CaLa4Ti4O15	layered	CaLa4Ti4O15	Ca	1	La	4	Ti	4	O	15	No		PC	none			none	none		none	none	24	10	1100	0.3		UV	25	1	liq	3.9			6.566666667
197	47	dx.doi.org/10.1021/ja207586e	CaLa4Ti4O15	layered	CaLa4Ti4O15	Ca	1	La	4	Ti	4	O	15	Yes		PC	none		1	photodeposition	Ag		none	none	24	10	1100	0.3		UV	25	1	liq	3.9			37.66666667
198	47	dx.doi.org/10.1021/ja207586e	SrLa4Ti4O15	layered	SrLa4Ti4O15	Sr	1	La	4	Ti	4	O	15	No		PC	none			none	none		none	none	24	10	1100	0.3		UV	25	1	liq	3.8			4.533333333
199	47	dx.doi.org/10.1021/ja207586e	SrLa4Ti4O15	layered	SrLa4Ti4O15	Sr	1	La	4	Ti	4	O	15	Yes		PC	none		1	photodeposition	Ag		none	none	24	10	1100	0.3		UV	25	1	liq	3.8			22.66666667
200	47	dx.doi.org/10.1021/ja207586e	BaLa4Ti4O15	layered	BaLa4Ti4O15	Ba	1	La	4	Ti	4	O	15	Yes		PC	none		1	impregnation	Ag		none	none	20	10	1100	0.3		UV	25	1	liq	3.9	trigonal		64.33333333
201	47	dx.doi.org/10.1021/ja207586e	BaLa4Ti4O15	layered	BaLa4Ti4O15	Ba	1	La	4	Ti	4	O	15	Yes		PC	none		1	impregnation	Ag		none	none	20	10	1100	0.3		UV	25	1	liq	3.9	trigonal		78.33333333
202	47	dx.doi.org/10.1021/ja207586e	BaLa4Ti4O15	layered	BaLa4Ti4O15	Ba	1	La	4	Ti	4	O	15	Yes		PC	none		0.5	liq phase reaction	Ag		none	none	20	10	1100	0.3		UV	25	1	liq	3.9	trigonal		74.43333333
203	47	dx.doi.org/10.1021/ja207586e	BaLa4Ti4O15	layered	BaLa4Ti4O15	Ba	1	La	4	Ti	4	O	15	Yes		PC	none		1	liq phase reaction	Ag		none	none	20	10	1100	0.3		UV	25	1	liq	3.9	trigonal		123.3333333
204	47	dx.doi.org/10.1021/ja207586e	BaLa4Ti4O15	layered	BaLa4Ti4O15	Ba	1	La	4	Ti	4	O	15	Yes		PC	none		2	liq phase reaction	Ag		none	none	20	10	1100	0.3		UV	25	1	liq	3.9	trigonal		162.3333333
205	47	dx.doi.org/10.1021/ja207586e	BaLa4Ti4O15	layered	BaLa4Ti4O15	Ba	1	La	4	Ti	4	O	15	Yes		PC	none		3	liq phase reaction	Ag		none	none	20	10	1100	0.3		UV	25	1	liq	3.9	trigonal		142.6666667
206	47	dx.doi.org/10.1021/ja207586e	BaLa4Ti4O15	layered	BaLa4Ti4O15	Ba	1	La	4	Ti	4	O	15	Yes		PC	none		5	liq phase reaction	Ag		none	none	20	10	1100	0.3		UV	25	1	liq	3.9	trigonal		78.06666667
207	47	dx.doi.org/10.1021/ja207586e	BaLa4Ti4O15	layered	BaLa4Ti4O15	Ba	1	La	4	Ti	4	O	15	Yes		PC	none		1	liq phase reaction	Ag		none	none	20	10	1100	0.3		UV	25	1	liq	3.9	trigonal		103.3333333
208	47	dx.doi.org/10.1021/ja207586e	SrLa4Ti4O15	layered	SrLa4Ti4O15	Sr	1	La	4	Ti	4	O	15	Yes		PC	none		1	liq phase reaction	Ag		none	none	24	10	1100	0.3		UV	25	1	liq	3.8			61.66666667
209	47	dx.doi.org/10.1021/ja207586e	CaLa4Ti4O15	layered	CaLa4Ti4O15	Ca	1	La	4	Ti	4	O	15	Yes		PC	none		1	liq phase reaction	Ag		none	none	24	10	1100	0.3		UV	25	1	liq	3.9			65
210	48	http://dx.doi.org/10.1016/j.cattod.2015.09.004	NaTaO3	tantalate	NaTaO3	Na	1			Ta	1	O	3	No		HT	none			none	none		none	none	2.9	2	270	0.4	270	UV			liq	3.9	cubic		23.84
211	48	http://dx.doi.org/10.1016/j.cattod.2015.09.004	NiO/NaTaO3	tantalate	NaTaO3	Na	1			Ta	1	O	3	Yes		HT	none		0.2	impregnation	NiO		none	none	2.9	2	270	0.4	270	UV			liq	3.7	cubic		39.58
212	49	https://doi.org/10.1016/j.apcatb.2022.121747	sheet like BiFeO3	ferrite	BiFeO3	Bi	1			Fe	1	O	3	No		HT	none			none	none		none	none	3.9			0.005		visible	25	1	liq	2.13	rhombohedral		46.68
213	50	https://doi.org/10.3389/fchem.2022.837915	NiTiO3 NFs	titanate	NiTiO3	Ni	1			Ti	1	O	3	No		HT	none			none	none		none	none	13.05	4	600	0.1		visible	25		liq	2.61	trigonal		103
214	50	https://doi.org/10.3389/fchem.2022.837915	NiTiO3 NFs/MoS2	titanate	NiTiO3	Ni	1			Ti	1	O	3	Yes	2	HT	none			none	none		none	none	18.08	4	600	0.1		visible	25		liq	2.43	trigonal		255
215	51	https://doi.org/10.1016/j.jcou.2022.102058	NiTiO3 NF	titanate	NiTiO3	Ni	1			Ti	1	O	3	No		ES	none			none	none		none	none	14	4	600	0.2		visible	25	2	liq	2.72	trigonal		172.6
216	51	https://doi.org/10.1016/j.jcou.2022.102058	NiTiO3 NF/MoSe2-1	titanate	NiTiO3	Ni	1			Ti	1	O	3	Yes	1	ES	none			none	none		none	none	19	4	600	0.2		visible	25	2	liq	2.17	trigonal		280.9
217	51	https://doi.org/10.1016/j.jcou.2022.102058	NiTiO3 NF/MoSe2-2	titanate	NiTiO3	Ni	1			Ti	1	O	3	Yes	2	ES	none			none	none		none	none	24	4	600	0.2		visible	25	2	liq	1.96	trigonal		531.9
218	51	https://doi.org/10.1016/j.jcou.2022.102058	NiTiO3 NF/MoSe2-3	titanate	NiTiO3	Ni	1			Ti	1	O	3	Yes	3	ES	none			none	none		none	none	20	4	600	0.2		visible	25	2	liq	1.74	trigonal		473.7
219	52	https://doi.org/10.1007/s12274-018-2164-z	SrTiO3	titanate	SrTiO3	Sr	1			Ti	1	O	3	No		HT	none			none	none		none	none	4.5	2	1100	0.02		visible	25	1	liq	3.4	cubic		4.3
220	52	https://doi.org/10.1007/s12274-018-2164-z	Fe-SrTiO3	titanate	SrTiO3	Sr	1			Ti	1	O	3	Yes		HT	Fe			none	none		none	none	5.7	2	1100	0.02		visible	25	1	liq	3	cubic		8.85
221	52	https://doi.org/10.1007/s12274-018-2164-z	B-SrTiO3	titanate	SrTiO3	Sr	1			Ti	1	O	3	Yes		HT	B			none	none		none	none	6.5	2	1100	0.02		visible	25	1	liq	2.3	cubic		13.6
222	52	https://doi.org/10.1007/s12274-018-2164-z	"B, Fe-SrTiO3"	titanate	SrTiO3	Sr	1			Ti	1	O	3	Yes		HT	"B,Fe"			none	none		none	none	8	2	1100	0.02		visible	25	1	liq	1.9	cubic		19.1
223	53	https://dx.doi.org/10.1021/acsaem.9b01927	SrTiO3	titanate	SrTiO3	Sr	1			Ti	1	O	3	No		flux	none			none	none		none	none	3.7	15	1200	0.5	300	UV	25	1	liq	2.86	cubic		1.05
224	53	https://dx.doi.org/10.1021/acsaem.9b01927	SrTiO3	titanate	SrTiO3	Sr	1			Ti	1	O	3	Yes		flux	none		1	chemical reduction	Ag		none	none	1.8	15	1200	0.5	300	UV	25	1	liq	3.05	cubic		8.76
225	53	https://dx.doi.org/10.1021/acsaem.9b01927	Al-SrTiO3	titanate	SrTiO3	Sr	1			Ti	1	O	3	Yes		flux	Al	2	1	chemical reduction	Ag		none	none	4.1	15	1200	0.5	300	UV	25	1	liq	2.8	cubic		17.64
226	53	https://dx.doi.org/10.1021/acsaem.9b01927	Al-SrTiO3	titanate	SrTiO3	Sr	1			Ti	1	O	3	Yes		flux	Al	4	1	chemical reduction	Ag		none	none	4.5	15	1200	0.5	300	UV	25	1	liq	2.8	cubic		21.92
227	53	https://dx.doi.org/10.1021/acsaem.9b01927	Al-SrTiO3	titanate	SrTiO3	Sr	1			Ti	1	O	3	Yes		flux	Al	16	1	chemical reduction	Ag		none	none	4.1	15	1200	0.5	300	UV	25	1	liq	2.8	cubic		21.18
228	54	https://doi.org/10.1016/j.cattod.2014.10.039	"CaTiO3(CaCl2,5)"	titanate	CaTiO3	Ca	1			Ti	1	O	3	Yes		flux	none		0.1	photodeposition	Ag		none	none	19.1	10	1100	0.2	254	UV	25	1	liq	3.54	cubic		7.02
229	54	https://doi.org/10.1016/j.cattod.2014.10.039	"CaTiO3(KCl,5)"	titanate	CaTiO3	Ca	1			Ti	1	O	3	Yes		flux	none		0.1	photodeposition	Ag		none	none	3.62	10	1100	0.2	254	UV	25	1	liq	3.64	cubic		4.81
230	54	https://doi.org/10.1016/j.cattod.2014.10.039	"CaTiO3(NaCl,5)"	titanate	CaTiO3	Ca	1			Ti	1	O	3	Yes		flux	none		0.1	photodeposition	Ag		none	none	2.04	10	1100	0.2	254	UV	25	1	liq	3.62	cubic		2.4
231	54	https://doi.org/10.1016/j.cattod.2014.10.039	"CaTiO3(NaCl,50)"	titanate	CaTiO3	Ca	1			Ti	1	O	3	Yes		flux	none		0.1	photodeposition	Ag		none	none	1.1	10	1100	0.2	254	UV	25	1	liq	3.6	cubic		6.85
232	54	https://doi.org/10.1016/j.cattod.2014.10.039	"CaTiO3(NaCl,90)"	titanate	CaTiO3	Ca	1			Ti	1	O	3	Yes		flux	none		0.1	photodeposition	Ag		none	none	1.1	10	1100	0.2	254	UV	25	1	liq	3.6	cubic		3.915
233	54	https://doi.org/10.1016/j.cattod.2014.10.039	"CaTiO3(NaCl,20)"	titanate	CaTiO3	Ca	1			Ti	1	O	3	Yes		flux	none		0.5	photodeposition	Ag		none	none	1.1	10	1100	0.2	254	UV	25	1	liq	3.6	cubic		2.45
234	54	https://doi.org/10.1016/j.cattod.2014.10.039	"CaTiO3(NaCl,40)"	titanate	CaTiO3	Ca	1			Ti	1	O	3	Yes		flux	none		0.5	photodeposition	Ag		none	none	1.1	10	1100	0.2	254	UV	25	1	liq	3.6	cubic		5.4
235	54	https://doi.org/10.1016/j.cattod.2014.10.039	"CaTiO3(NaCl,50)"	titanate	CaTiO3	Ca	1			Ti	1	O	3	Yes		flux	none		0.5	photodeposition	Ag		none	none	1.1	10	1100	0.2	254	UV	25	1	liq	3.6	cubic		6.8
236	54	https://doi.org/10.1016/j.cattod.2014.10.039	"CaTiO3(NaCl,60)"	titanate	CaTiO3	Ca	1			Ti	1	O	3	Yes		flux	none		0.5	photodeposition	Ag		none	none	1.1	10	1100	0.2	254	UV	25	1	liq	3.6	cubic		4.35
237	54	https://doi.org/10.1016/j.cattod.2014.10.039	"CaTiO3(NaCl,70)"	titanate	CaTiO3	Ca	1			Ti	1	O	3	Yes		flux	none		0.5	photodeposition	Ag		none	none	1.1	10	1100	0.2	254	UV	25	1	liq	3.6	cubic		3.6
238	54	https://doi.org/10.1016/j.cattod.2014.10.039	"CaTiO3(SS,1273)"	titanate	CaTiO3	Ca	1			Ti	1	O	3	Yes		SS	none		0.1	photodeposition	Ag		none	none	1.67	10	1000	0.2	254	UV	25	1	liq	3.6	cubic		1.8
239	54	https://doi.org/10.1016/j.cattod.2014.10.039	"CaTiO3(SS,1373)"	titanate	CaTiO3	Ca	1			Ti	1	O	3	Yes		SS	none		0.1	photodeposition	Ag		none	none	1.67	10	1100	0.2	254	UV	25	1	liq	3.6	cubic		2.25
240	55	https://doi.org/10.1016/j.jcou.2018.07.014	C doped-NaTaO3	tantalate	NaTaO3	Na	1			Ta	1	O	3	Yes		solvo-combustion	C			none	none		none	none	20	2	500	0.1	254	UV	25	0.138	liq	3.83	monoclinic		5
241	55	https://doi.org/10.1016/j.jcou.2018.07.014	C doped-NaTaO3	tantalate	NaTaO3	Na	1			Ta	1	O	3	Yes		solvo-combustion	C			none	none		none	none	21	2	550	0.1	254	UV	25	0.138	liq	4	monoclinic		14.5
242	55	https://doi.org/10.1016/j.jcou.2018.07.014	C doped-NaTaO3	tantalate	NaTaO3	Na	1			Ta	1	O	3	Yes		solvo-combustion	C			none	none		none	none	23	2	600	0.1	254	UV	25	0.138	liq	4	monoclinic		6
243	55	https://doi.org/10.1016/j.jcou.2018.07.014	C doped-NaTaO3	tantalate	NaTaO3	Na	1			Ta	1	O	3	Yes		solvo-combustion	C			none	none		none	none	11	2	650	0.1	254	UV	25	0.138	liq	4	monoclinic		19.5
244	55	https://doi.org/10.1016/j.jcou.2018.07.014	C doped-NaTaO3	tantalate	NaTaO3	Na	1			Ta	1	O	3	Yes		solvo-combustion	C			none	none		none	none	13	2	700	0.1	254	UV	25	0.138	liq	4	monoclinic		5
245	56	10.1002/cssc.201601360	NaTaO3	tantalate	NaTaO3	Na	1			Ta	1	O	3	Yes		SS	none			none	none		none	none	1.67	1	900			UV	25	1	liq	4.1	cubic		456
246	56	10.1002/cssc.201601360	NaTaO3	tantalate	NaTaO3	Na	1			Ta	1	O	3	Yes		SS	Mg	5		none	none		none	none	1.67	1	900			UV	25	1	liq	4.1	cubic		144
247	56	10.1002/cssc.201601360	NaTaO3	tantalate	NaTaO3	Na	1			Ta	1	O	3	Yes		SS	Ca	5		none	none		none	none	1.67	1	900			UV	25	1	liq	4.1	cubic		220
248	56	10.1002/cssc.201601360	NaTaO3	tantalate	NaTaO3	Na	1			Ta	1	O	3	Yes		SS	Sr	5		none	none		none	none	1.67	1	900			UV	25	1	liq	4.1	cubic		494
249	56	10.1002/cssc.201601360	NaTaO3	tantalate	NaTaO3	Na	1			Ta	1	O	3	Yes		SS	Ba	5		none	none		none	none	1.67	1	900			UV	25	1	liq	4.1	cubic		522
250	56	10.1002/cssc.201601360	NaTaO3	tantalate	NaTaO3	Na	1			Ta	1	O	3	Yes		SS	La	2		none	none		none	none	1.67	1	900			UV	25	1	liq	4.1	cubic		678
251	56	10.1002/cssc.201601360	NaTaO3	tantalate	NaTaO3	Na	1			Ta	1	O	3	Yes		SS	none		1	photodeposition	Ag		none	none	1.67	1	900	0.4		UV	25	1	liq	4.1	cubic		98.8
252	56	10.1002/cssc.201601360	NaTaO3	tantalate	NaTaO3	Na	1			Ta	1	O	3	Yes		SS	Mg	5	0.5	photodeposition	Ag		none	none	1.67	1	900	0.4		UV	25	1	liq	4.1	cubic		97.6
253	56	10.1002/cssc.201601360	NaTaO3	tantalate	NaTaO3	Na	1			Ta	1	O	3	Yes		SS	Ca	5	1	photodeposition	Ag		none	none	1.67	1	900	0.4		UV	25	1	liq	4.1	cubic		178.4
254	56	10.1002/cssc.201601360	NaTaO3	tantalate	NaTaO3	Na	1			Ta	1	O	3	Yes		SS	Sr	5	1	photodeposition	Ag		none	none	1.67	1	900	0.4		UV	25	1	liq	4.1	cubic		149.8
255	56	10.1002/cssc.201601360	NaTaO3	tantalate	NaTaO3	Na	1			Ta	1	O	3	Yes		SS	Ba	5	0.5	photodeposition	Ag		none	none	1.67	1	900	0.4		UV	25	1	liq	4.1	cubic		281.4
256	56	10.1002/cssc.201601360	NaTaO3	tantalate	NaTaO3	Na	1			Ta	1	O	3	Yes		SS	Ba	5	1	photodeposition	Ag		none	none	1.67	1	900	0.4		UV	25	1	liq	4.1	cubic		204.8
257	56	10.1002/cssc.201601360	NaTaO3	tantalate	NaTaO3	Na	1			Ta	1	O	3	Yes		SS	La	2	1	photodeposition	Ag		none	none	1.67	1	900	0.4		UV	25	1	liq	4.1	cubic		300
258	56	10.1002/cssc.201601360	NaTaO3	tantalate	NaTaO3	Na	1			Ta	1	O	3	Yes		SS	Ba	5	1	impregnation	Ag		none	none	1.67	1	900	0.4		UV	25	1	liq	4.1	cubic		203.2
259	56	10.1002/cssc.201601360	NaTaO3	tantalate	NaTaO3	Na	1			Ta	1	O	3	Yes		SS	Ba	5	1	impregnation	Ag		none	none	1.67	1	900	0.4		UV	25	1	liq	4.1	cubic		116.8
260	56	10.1002/cssc.201601360	NaTaO3	tantalate	NaTaO3	Na	1			Ta	1	O	3	Yes		SS	Ba	5	1	liq phase reaction	Ag		none	none	1.67	1	900	0.4		UV	25	1	liq	4.1	cubic		130
261	56	10.1002/cssc.201601360	NaTaO3	tantalate	NaTaO3	Na	1			Ta	1	O	3	Yes		SS	Ba	5	0.5	photodeposition	N?		none	none	1.67	1	900	0.4		UV	25	1	liq	4.1	cubic		688
262	56	10.1002/cssc.201601360	NaTaO3	tantalate	NaTaO3	Na	1			Ta	1	O	3	Yes		SS	Ba	5	0.5	photodeposition	Cu		none	none	1.67	1	900	0.4		UV	25	1	liq	4.1	cubic		636
263	56	10.1002/cssc.201601360	NaTaO3	tantalate	NaTaO3	Na	1			Ta	1	O	3	Yes		SS	Ba	5	0.2	photodeposition	Ru		none	none	1.67	1	900	0.4		UV	25	1	liq	4.1	cubic		2352
264	56	10.1002/cssc.201601360	NaTaO3	tantalate	NaTaO3	Na	1			Ta	1	O	3	Yes		SS	Ba	5	0.5	photodeposition	Rh		none	none	1.67	1	900	0.4		UV	25	1	liq	4.1	cubic		88
265	56	10.1002/cssc.201601360	NaTaO3	tantalate	NaTaO3	Na	1			Ta	1	O	3	Yes		SS	Ba	5	1	photodeposition	Pd		none	none	1.67	1	900	0.4		UV	25	1	liq	4.1	cubic		118
266	56	10.1002/cssc.201601360	NaTaO3	tantalate	NaTaO3	Na	1			Ta	1	O	3	Yes		SS	Ba	5	1	photodeposition	Au		none	none	1.67	1	900	0.4		UV	25	1	liq	4.1	cubic		2090
267	56	10.1002/cssc.201601360	NaTaO3	tantalate	NaTaO3	Na	1			Ta	1	O	3	Yes		SS	Mg	5	0.35	liq phase reaction	Ag		none	none	1.67	1	900	0.4		UV	25	1	liq	4.1	cubic		76
268	56	10.1002/cssc.201601360	NaTaO3	tantalate	NaTaO3	Na	1			Ta	1	O	3	Yes		SS	Ca	5	2	liq phase reaction	Ag		none	none	1.67	1	900	0.4		UV	25	1	liq	4.1	cubic		494
269	56	10.1002/cssc.201601360	NaTaO3	tantalate	NaTaO3	Na	1			Ta	1	O	3	Yes		SS	Sr	5	2	liq phase reaction	Ag		none	none	1.67	1	900	0.4		UV	25	1	liq	4.1	cubic		612
270	56	10.1002/cssc.201601360	NaTaO3	tantalate	NaTaO3	Na	1			Ta	1	O	3	Yes		SS	Ba	5	3	liq phase reaction	Ag		none	none	1.67	1	900	0.4		UV	25	1	liq	4.1	cubic		450
271	56	10.1002/cssc.201601360	NaTaO3	tantalate	NaTaO3	Na	1			Ta	1	O	3	Yes		SS	La	2	2	liq phase reaction	Ag		none	none	1.67	1	900	0.4		UV	25	1	liq	4.1	cubic		378
272	56	10.1002/cssc.201601360	NaTaO3	tantalate	NaTaO3	Na	1			Ta	1	O	3	Yes		SS	Ba	5	3	liq phase reaction	Ag		none	none	1.67	1	900	0.4		UV	25	1	liq	4.1	cubic		256
273	56	10.1002/cssc.201601360	NaTaO3	tantalate	NaTaO3	Na	1			Ta	1	O	3	Yes		SS	Ba	5	3	liq phase reaction	Ag		none	none	1.67	1	900	0.4		UV	25	1	liq	4.1	cubic		206
274	56	10.1002/cssc.201601360	NaTaO3	tantalate	NaTaO3	Na	1			Ta	1	O	3	Yes		SS	Ba	5	3	liq phase reaction	Ag		none	none	1.67	1	900	0.4		UV	25	1	liq	4.1	cubic		256
275	56	10.1002/cssc.201601360	NaTaO3	tantalate	NaTaO3	Na	1			Ta	1	O	3	Yes		SS	Ba	5	3	liq phase reaction	Ag		none	none	1.67	1	900	0.4		UV	25	1	liq	4.1	cubic		290
276	56	10.1002/cssc.201601360	NaTaO3	tantalate	NaTaO3	Na	1			Ta	1	O	3	Yes		SS	Ba	5	3	liq phase reaction	Ag		none	none	1.67	1	900	0.4		UV	25	1	liq	4.1	cubic		174
277	56	10.1002/cssc.201601360	NaTaO3	tantalate	NaTaO3	Na	1			Ta	1	O	3	Yes		SS	Ba	5	3	liq phase reaction	Ag		none	none	1.67	1	900	0.4		UV	25	1	liq	4.1	cubic		312
278	56	10.1002/cssc.201601360	NaTaO3	tantalate	NaTaO3	Na	1			Ta	1	O	3	Yes		SS	Ba	5	3	liq phase reaction	Ag		none	none	1.67	1	900	0.4		UV	25	1	liq	4.1	cubic		552
279	56	10.1002/cssc.201601360	NaTaO3	tantalate	NaTaO3	Na	1			Ta	1	O	3	Yes		SS	Ba	5	3	liq phase reaction	Ag		none	none	1.67	1	900	0.4		UV	25	1	liq	4.1	cubic		130
280	56	10.1002/cssc.201601360	NaTaO3	tantalate	NaTaO3	Na	1			Ta	1	O	3	Yes		SS	Ba	5	3	liq phase reaction	Ag		none	none	1.67	1	900	0.4		UV	25	1	liq	4.1	cubic		228
281	57	https://doi.org/10.1016/j.cej.2019.03.196	BiFeO3	ferrite	BiFeO3	Bi	1			Fe	1	O	3	No		UT	none			none	none		none	none	3.9	2	500	0.04		visible	30	1	liq	2.43	rhombohedral		0.7
282	57	https://doi.org/10.1016/j.cej.2019.03.196	AB-5	ferrite	BiFeO3	Bi	1			Fe	1	O	3	Yes	5%	UT	none			none	none		none	none	50	2	500	0.04		visible	30	1	liq	2.25	rhombohedral		4.7375
283	57	https://doi.org/10.1016/j.cej.2019.03.196	AB10	ferrite	BiFeO3	Bi	1			Fe	1	O	3	Yes	10%	UT	none			none	none		none	none	43.4	2	500	0.04		visible	30	1	liq	2.01	rhombohedral		9.72125
284	57	https://doi.org/10.1016/j.cej.2019.03.196	AB-15	ferrite	BiFeO3	Bi	1			Fe	1	O	3	Yes	15%	UT	none			none	none		none	none	50	2	500	0.04		visible	30	1	liq	1.92	rhombohedral		8
285	57	https://doi.org/10.1016/j.cej.2019.03.196	ABR-5	ferrite	BiFeO3	Bi	1			Fe	1	O	3	Yes	5%	UT	none			none	none		none	none	50	2	500	0.04		visible	30	1	liq	2.08	rhombohedral		16.5475
286	57	https://doi.org/10.1016/j.cej.2019.03.196	ABR-8	ferrite	BiFeO3	Bi	1			Fe	1	O	3	Yes	8%	UT	none			none	none		none	none	62.3	2	500	0.04		visible	30	1	liq	1.94	rhombohedral		19.955
287	57	https://doi.org/10.1016/j.cej.2019.03.196	ABR-11	ferrite	BiFeO3	Bi	1			Fe	1	O	3	Yes	11%	UT	none			none	none		none	none	50	2	500	0.04		visible	30	1	liq	1.82	rhombohedral		27.36625
288	58	https://doi.org/10.1016/j.apsusc.2015.08.059	Bi2WO6	layered	Bi2WO6	Bi	2			W	1	O	6	Yes		COP	none			none	none		none	none	24	12	120	0.05	420	visible			liq	2.84	orthorhombic		15.425
289	58	https://doi.org/10.1016/j.apsusc.2015.08.059	PPy/Bi2WO6	layered	Bi2WO6	Bi	2			W	1	O	6	Yes		COP	none			none	none		none	none	24	12	120	0.05	420	visible			liq	2.71	orthorhombic		6.5
290	58	https://doi.org/10.1016/j.apsusc.2015.08.059	PANI/Bi2WO6	layered	Bi2WO6	Bi	2			W	1	O	6	Yes		COP	none			none	none		none	none	24	12	120	0.05	420	visible			liq	2.6	orthorhombic		21.725
291	58	https://doi.org/10.1016/j.apsusc.2015.08.059	PTh/Bi2WO6	layered	Bi2WO6	Bi	2			W	1	O	6	Yes		COP	none			none	none		none	none	24	12	120	0.05	420	visible			liq	2.5	orthorhombic		8.55
292	59	https://doi.org/10.1002/anie.201506966	Bi2WO6	layered	Bi2WO6	Bi	2			W	1	O	6	No		HT	none			none	none		none	none	27.6	12	900			visible	25	1	liq	2.8	orthorhombic		75
293	60	https://doi.org/10.1039/C4CY01201A	BaZrO3	other	BaZrO3	Ba	1			Zr	1	O	3	No		PTP	none			none	none		none	none	2.3	10	1000	0.1		UV	25	1	liq	4.8	cubic		0.115
294	60	https://doi.org/10.1039/C4CY01201A	BaZrO3	other	BaZrO3	Ba	1			Zr	1	O	3	No		PTP	none			none	none		none	none	2.3	10	1100	0.1		UV	25	1	liq	4.8	cubic		0.113333333
295	60	https://doi.org/10.1039/C4CY01201A	BaZrO3	other	BaZrO3	Ba	1			Zr	1	O	3	No		PTP	none			none	none		none	none	2.3	10	1200	0.1		UV	25	1	liq	4.8	cubic		0.158333333
296	60	https://doi.org/10.1039/C4CY01201A	BaZrO3	other	BaZrO3	Ba	1			Zr	1	O	3	Yes		PTP	none		0.5	chemical reduction	Au		none	none	2.3	10	1000	0.1		UV	25	1	liq	4.8	cubic		0.158333333
297	60	https://doi.org/10.1039/C4CY01201A	BaZrO3	other	BaZrO3	Ba	1			Zr	1	O	3	Yes		PTP	none		0.5	chemical reduction	Pt		none	none	2.3	10	1000	0.1		UV	25	1	liq	4.8	cubic		0.205
298	60	https://doi.org/10.1039/C4CY01201A	BaZrO3	other	BaZrO3	Ba	1			Zr	1	O	3	Yes		PTP	none		0.5	chemical reduction	Ag		none	none	2.3	10	1000	0.1		UV	25	1	liq	4.8	cubic		0.25
299	60	https://doi.org/10.1039/C4CY01201A	BaZrO3	other	BaZrO3	Ba	1			Zr	1	O	3	Yes		PTP	none		0.5	impregnation	Cu		none	none	2.3	10	1000	0.1		UV	25	1	liq	4.8	cubic		0.021666667
300	60	https://doi.org/10.1039/C4CY01201A	BaZrO3	other	BaZrO3	Ba	1			Zr	1	O	3	Yes		PTP	none		0.5	impregnation	Ru		none	none	2.3	10	1000	0.1		UV	25	1	liq	4.8	cubic		0.023333333
301	60	https://doi.org/10.1039/C4CY01201A	BaZrO3	other	BaZrO3	Ba	1			Zr	1	O	3	Yes		PTP	none		0.3	chemical reduction	Ag		none	none	2.3	10	1000	0.1		UV	25	1	liq	4.8	cubic		0.653333333
302	60	https://doi.org/10.1039/C4CY01201A	BaZrO3	other	BaZrO3	Ba	1			Zr	1	O	3	Yes		PTP	none		0.1	chemical reduction	Ag		none	none	2.3	10	1000	0.1		UV	25	1	liq	4.8	cubic		0.125
303	61	10.1039/C5CC01124H	NaTaO3	tantalate	NaTaO3	Na	1			Ta	1	O	3	No		FAPO	none			none	none		none	none	29.2	10	500	0.07	200	UV			liq	4.2			12.17
304	61	10.1039/C5CC01124H	NaTaO3	tantalate	NaTaO3	Na	1			Ta	1	O	3	Yes		PC	none		0.5	photodeposition	Pt		none	none	29.2	10	500	0.07	200	UV			liq	4.2			140.23
305	61	10.1039/C5CC01124H	NaTaO3	tantalate	NaTaO3	Na	1			Ta	1	O	3	Yes		PC	none		0.5	photodeposition	Cu		none	none	29.2	10	500	0.07	200	UV			liq	4.2			19.94
306	61	10.1039/C5CC01124H	NaTaO3	tantalate	NaTaO3	Na	1			Ta	1	O	3	Yes		PC	none		0.5	photodeposition	Au		none	none	29.2	10	500	0.07	200	UV			liq	4.2			16.91
307	61	10.1039/C5CC01124H	NaTaO3	tantalate	NaTaO3	Na	1			Ta	1	O	3	Yes		PC	none		0.5	photodeposition	Pd		none	none	29.2	10	500	0.07	200	UV			liq	4.2			18.32
308	61	10.1039/C5CC01124H	NaTaO3	tantalate	NaTaO3	Na	1			Ta	1	O	3	Yes		PC	none		0.5	photodeposition	Ru		none	none	29.2	10	500	0.07	200	UV			liq	4.2			53.96
310	63	https://doi.org/10.1016/j.apsusc.2023.157564	SrBi2Ta2O9	layered	SrBi2Ta2O9	Sr	1	Bi	2	Ta	2	O	9	No		COP	none			none	none		none	none		6	900	0.1	325	UV	25	1	liq	3.45	plane		0.6
311	63	https://doi.org/10.1016/j.apsusc.2023.157564	SrBi2Ta2O9	layered	SrBi2Ta2O9	Sr	1	Bi	2	Ta	2	O	9	Yes		COP	none		1	photodeposition	Ag		none	none		6	900	0.1	325	UV	25	1	liq	3.45	plane		1.06
312	63	https://doi.org/10.1016/j.apsusc.2023.157564	SrBi2Ta2O9	layered	SrBi2Ta2O9	Sr	1	Bi	2	Ta	2	O	9	Yes		COP	none		2	photodeposition	Ag		none	none		6	900	0.1	325	UV	25	1	liq	3.45	plane		1.27
313	63	https://doi.org/10.1016/j.apsusc.2023.157564	SrBi2Ta2O9	layered	SrBi2Ta2O9	Sr	1	Bi	2	Ta	2	O	9	Yes		COP	none		2.5	photodeposition	Ag		none	none		6	900	0.1	325	UV	25	1	liq	3.45	plane		1.16
314	63	https://doi.org/10.1016/j.apsusc.2023.157564	SrBi2Ta2O9	layered	SrBi2Ta2O9	Sr	1	Bi	2	Ta	2	O	9	Yes			none		0.5	photodeposition	Pd		none	none		6	900	0.1	325	UV	25	1	liq	3.45	plane		0.55
315	63	https://doi.org/10.1016/j.apsusc.2023.157564	SrBi2Ta2O9	layered	SrBi2Ta2O9	Sr	1	Bi	2	Ta	2	O	9	Yes		COP	none		1	photodeposition	Pd		none	none		6	900	0.1	325	UV	25	1	liq	3.45	plane		0.96
316	63	https://doi.org/10.1016/j.apsusc.2023.157564	SrBi2Ta2O9	layered	SrBi2Ta2O9	Sr	1	Bi	2	Ta	2	O	9	Yes		COP	none		2	photodeposition	Pd		none	none		6	900	0.1	325	UV	25	1	liq	3.45	plane		0.9
321	65	https://doi.org/10.1021/acsanm.3c05346	Bi4Ti3O12	layered	Bi4Ti3O12	Bi	4			Ti	3	O	12	No		MS	none			none	none		none	none	4.64	2	800	0.02		visible	25	1	liq	3.09	plane		1.54
322	65	https://doi.org/10.1021/acsanm.3c05346	Bi4Ti3O12	layered	Bi4Ti3O12	Bi	4			Ti	3	O	12	Yes		MS	none			none	none		none	none	6.88	2	800	0.02		visible	25	1	liq	2.62	plane		5.1
323	66	https://doi.org/10.1021/acsami.3c15915	NiTiO3	titanate	NiTiO3	Ni	1			Ti	1	O	3	No		PTP	none			none	none		none	none	22.4	4	600	0.05		visible	25	1	liq	3.1			46.04
324	66	https://doi.org/10.1021/acsami.3c15915	NiTiO3	titanate	NiTiO3	Ni	1			Ti	1	O	3	Yes		PTP	Ga	1		none	none		none	none	25.8	4	600	0.05		visible	25	1	liq	2.8			63.93
325	66	https://doi.org/10.1021/acsami.3c15915	NiTiO3	titanate	NiTiO3	Ni	1			Ti	1	O	3	Yes		PTP	Ga	1	0.5	impregnation	Ru		none	none	32.3	4	600	0.05		visible	25	1	liq	2.8			114.11
326	66	https://doi.org/10.1021/acsami.3c15915	NiTiO3	titanate	NiTiO3	Ni	1			Ti	1	O	3	Yes		PTP	Ga	1	1	impregnation	Ru		none	none	34.5	4	600	0.05		visible	25	1	liq	2.8			149.67
327	66	https://doi.org/10.1021/acsami.3c15915	NiTiO3	titanate	NiTiO3	Ni	1			Ti	1	O	3	Yes		PTP	Ga	1	1.5	impregnation	Ru		none	none	35.3	4	600	0.05		visible	25	1	liq	2.8			137.45
328	66	https://doi.org/10.1021/acsami.3c15915	NiTiO3	titanate	NiTiO3	Ni	1			Ti	1	O	3	Yes		PTP	Ga	1	2	impregnation	Ru		none	none	35.7	4	600	0.05		visible	25	1	liq	2.8			138.11
1	1	http://dx.doi.org/10.1016/j.apsusc.2015.02.078	Ca1.5Ti0.75O3	titanate	Ca1.5Ti0.75O3	Ca	1.5			Ti	0.75	O	3	No		HT	none			none	none		none	none	6.48	8	180	0.2	365	UV	30	1	gas	3.51	hexagonal	2	2.37875
2	1	http://dx.doi.org/10.1016/j.apsusc.2015.02.078	Ca1.28Ti0.85O3	titanate	Ca1.28Ti0.85O3	Ca	1.28			Ti	0.85	O	3	No		HT	none			none	none		none	none	3.77	8	180	0.2	365	UV	30	1	gas	3.53	hexagonal	2	3.4375
3	1	http://dx.doi.org/10.1016/j.apsusc.2015.02.078	CaTiO3	titanate	CaTiO3	Ca	1			Ti	1	O	3	No		HT	none			none	none		none	none	13.41	8	180	0.2	365	UV	30	1	gas	3.44	hexagonal	2	7.0125
4	1	http://dx.doi.org/10.1016/j.apsusc.2015.02.078	Ca0.75Ti1.12O3	titanate	Ca0.75Ti1.12O3	Ca	0.75			Ti	1.12	O	3	No		HT	none			none	none		none	none	42.63	8	180	0.2	365	UV	30	1	gas	3.45	hexagonal	2	4.9
5	2	10.1038/srep01667	SrTiO3	titanate	SrTiO3	Sr	1			Ti	1	O	3	Yes		SG	none			none	none		none	none	72.6	10	600	0.05	420	visible	25	1	gas	3.2	cubic	4	0.0943
6	2	10.1038/srep01667	SrTiO3	titanate	SrTiO3	Sr	1			Ti	1	O	3	Yes		SG	none		1	photodeposition	Pt		none	none	72.6	10	600	0.05	420	visible	25	1	gas	3.2	cubic	4	0.0077
7	2	10.1038/srep01667	SrTiO3	titanate	SrTiO3	Sr	1			Ti	1	O	3	Yes		SG	none		1	precipitation	Au		none	none	72.6	10	600	0.05	420	visible	25	1	gas	3.2	cubic	4	0.58
8	2	10.1038/srep01667	SrTiO3	titanate	SrTiO3	Sr	1			Ti	1	O	3	Yes		SG	none		1	photodeposition	Au		none	none	72.6	10	600	0.05	420	visible	25	1	gas	3.2	cubic	4	0.2363
9	2	10.1038/srep01667	SrTiO3	titanate	SrTiO3	Sr	1			Ti	1	O	3	Yes		SG	none		1	photodeposition	Ag		none	none	72.6	10	600	0.05	420	visible	25	1	gas	3.2	cubic	4	0.1765
10	2	10.1038/srep01667	SrTiO3	titanate	SrTiO3	Sr	1			Ti	1	O	3	Yes		SG	none		1	photodeposition	Cu		none	none	72.6	10	600	0.05	420	visible	25	1	gas	3.2	cubic	4	0.0922
11	2	10.1038/srep01667	SrTiO3	titanate	SrTiO3	Sr	1			Ti	1	O	3	Yes		SG	none		1	impregnation	RuO2		none	none	72.6	10	600	0.05	420	visible	25	1	gas	3.2	cubic	4	0.0278
12	3	10.1166/jnn.2017.14794	CaTiO3	titanate	CaTiO3	Ca	1			Ti	1	O	3	No		HT	none			none	none		none	none	3.1171	8	180	0.2	365	UV	30	1	gas	3.47	orthorhombic	2	1.5675
13	3	10.1166/jnn.2017.14794	SrTiO3	titanate	SrTiO3	Sr	1			Ti	1	O	3	No		HT	none			none	none		none	none	3.3609	8	180	0.2	365	UV	30	1	gas	3.24	cubic	2	1.98375
14	3	10.1166/jnn.2017.14794	BaTiO3	titanate	BaTiO3	Ba	1			Ti	1	O	3	No		HT	none			none	none		none	none	3.5239	8	180	0.2	365	UV	30	1	gas	3.11	tetragonal	2	2.5925
15	4	10.1039/c9qi00350a	TiO2/SrTiO3	titanate	SrTiO3	Sr	1			Ti	1	O	3	Yes		HT	none			none	none		none	none	42	4	550	0.005	365	UV	30	1	gas	3.22	cubic	2	19.56666667
16	5	https://doi.org/10.1016/j.renene.2022.06.064	BiTiO3	titanate	BiTiO3	Bi	1			Ti	1	O	3	No		solution combustion	none			none	none		none	none	108	3	700	0.05		UV			gas	5.1	tetragonal	0.1	66.41
17	5	https://doi.org/10.1016/j.renene.2022.06.064	BaTiO3	titanate	BaTiO3	Ba	1			Ti	1	O	3	No		solution combustion	none			none	none		none	none	85	3	700	0.05		UV			gas	4.5	tetragonal	0.1	57.49
18	5	https://doi.org/10.1016/j.renene.2022.06.064	BiO/BaTiO3	titanate	BaTiO3	Ba	1			Ti	1	O	3	Yes		solution combustion	none			none	none		none	none	91	3	700	0.05		UV			gas	4.7	tetragonal	0.1	75.17
19	6	https://doi.org/10.1016/j.jcat.2019.07.037	SrTiO3	titanate	SrTiO3	Sr	1			Ti	1	O	3	No		GBMR	none			none	none		none	none	32.8	4	650	0.1	380	visible	25	1	gas	3.2	cubic	4	16
20	6	https://doi.org/10.1016/j.jcat.2019.07.037	3DOM-SrTiO3	titanate	SrTiO3	Sr	1			Ti	1	O	3	Yes		GBMR	none			none	none		none	none	33.59	4	650	0.1	380	visible	25	1	gas	3	cubic	4	22.9
21	6	https://doi.org/10.1016/j.jcat.2019.07.037	Pt1/3DOM-SrTiO3	titanate	SrTiO3	Sr	1			Ti	1	O	3	Yes	1%	GBMR	none			none	none		none	none	33.96	4	650	0.1	380	visible	25	1	gas	2.9	cubic	4	76.2
22	6	https://doi.org/10.1016/j.jcat.2019.07.037	Pt2/3DOM-SrTiO3	titanate	SrTiO3	Sr	1			Ti	1	O	3	Yes	2%	GBMR	none			none	none		none	none	33.07	4	650	0.1	380	visible	25	1	gas	2.8	cubic	4	94.2
23	6	https://doi.org/10.1016/j.jcat.2019.07.037	Pt3/3DOM-SrTiO3	titanate	SrTiO3	Sr	1			Ti	1	O	3	Yes	3%	GBMR	none			none	none		none	none	34.04	4	650	0.1	380	visible	25	1	gas	2.7	cubic	4	88.4
24	6	https://doi.org/10.1016/j.jcat.2019.07.037	Pt5/3DOM-SrTiO3	titanate	SrTiO3	Sr	1			Ti	1	O	3	Yes	5%	GBMR	none			none	none		none	none	31.58	4	650	0.1	380	visible	25	1	gas	2.6	cubic	4	89.9
25	7	https://doi.org/10.1021/jp210106b	c-NaNbO3	niobate	NaNbO3	Na	1			Nb	1	O	3	No		FAPO	none			none	none		none	none	28.6	5	600	0.1		visible	25	1	gas	3.29	cubic	0.08	4.86
26	7	https://doi.org/10.1021/jp210106b	o-NaNbO3	niobate	NaNbO3	Na	1			Nb	1	O	3	No		PC	none			none	none		none	none	26.4	2	600	0.1		visible	25	1	gas	3.45	orthorhombic	0.08	2.45
27	7	https://doi.org/10.1021/jp210106b	0.5Pt-o-NaNbO3	niobate	NaNbO3	Na	1			Nb	1	O	3	Yes		PC	none		0.5	none	Pt		none	none	26.4	2	600	0.1		visible	25	1	gas	4.45	orthorhombic	0.08	5.69
28	7	https://doi.org/10.1021/jp210106b	0.5Pt-c-NaNbO3	niobate	NaNbO3	Na	1			Nb	1	O	3	Yes		FAPO	none		0.5	none	Pt		none	none	28.6	5	600	0.1		visible	25	1	gas	3.29	cubic	0.08	11.2
29	7	https://doi.org/10.1021/jp210106b	1Pt-c-NaNbO3	niobate	NaNbO3	Na	1			Nb	1	O	3	Yes		FAPO	none		1	none	Pt		none	none	28.6	5	600	0.1		visible	25	1	gas	3.29	cubic	0.08	12.9
30	7	https://doi.org/10.1021/jp210106b	1.5Pt-c-NaNbO3	niobate	NaNbO3	Na	1			Nb	1	O	3	Yes		FAPO	none		1.5	none	Pt		none	none	28.6	5	600	0.1		visible	25	1	gas	3.29	cubic	0.08	9.4
31	8	https://doi.org/10.1016/j.apcatb.2022.122206	Bi2WO6	layered	Bi2WO6	Bi	2			W	1	O	6	No		HT	none			none	none		none	none	20	4	400	0.1	365	UV	50	2	gas	2.7	orthorhombic	0.25	0.553333333
32	8	https://doi.org/10.1016/j.apcatb.2022.122206	Bi2WO6/Ti0.6	layered	Bi2WO6	Bi	2			W	1	O	6	Yes		HT	none			none	none		none	none	18	4	400	0.1	365	UV	50	2	gas	2.7	orthorhombic	0.25	0.833333333
33	8	https://doi.org/10.1016/j.apcatb.2022.122206	Bi2WO6/Ti17	layered	Bi2WO6	Bi	2			W	1	O	6	Yes		HT	none			none	none		none	none	48	4	400	0.1	365	UV	50	2	gas	2.7	orthorhombic	0.25	1.066666667
34	8	https://doi.org/10.1016/j.apcatb.2022.122206	Bi2WO6/Ti35	layered	Bi2WO6	Bi	2			W	1	O	6	Yes		HT	none			none	none		none	none	50	4	400	0.1	365	UV	50	2	gas	2.8	orthorhombic	0.25	1.266666667
35	8	https://doi.org/10.1016/j.apcatb.2022.122206	Bi2WO6/Ti50	layered	Bi2WO6	Bi	2			W	1	O	6	Yes		HT	none			none	none		none	none	66	4	400	0.1	365	UV	50	2	gas	2.8	orthorhombic	0.25	1.82
36	8	https://doi.org/10.1016/j.apcatb.2022.122206	Bi2WO6/Ti75	layered	Bi2WO6	Bi	2			W	1	O	6	Yes		HT	none			none	none		none	none	88	4	400	0.1	365	UV	50	2	gas	2.9	orthorhombic	0.25	1.26
37	9	https://doi.org/10.1016/j.mssp.2022.107134	BaTiO3	titanate	BaTiO3	Ba	1			Ti	1	O	3	No		HT	none			none	none		none	none	3	2	700	0.01	320	UV		1	gas	3.19	tetragonal	0.1	61.3
38	9	https://doi.org/10.1016/j.mssp.2022.107134	1Eu(III)-BaTiO3	titanate	BaTiO3	Ba	1			Ti	1	O	3	Yes		HT	Eu	0.1		none	none		none	none	3	2	700	0.01	320	UV		1	gas	3.17	tetragonal	0.1	39.8
39	9	https://doi.org/10.1016/j.mssp.2022.107134	2Eu(III)-BaTiO3	titanate	BaTiO3	Ba	1			Ti	1	O	3	Yes		HT	Eu	0.2		none	none		none	none	3	2	700	0.01	320	UV		1	gas	3.15	tetragonal	0.1	59.8
40	9	https://doi.org/10.1016/j.mssp.2022.107134	5Eu(III)-BaTiO3	titanate	BaTiO3	Ba	1			Ti	1	O	3	Yes		HT	Eu	0.5		none	none		none	none	3	2	700	0.01	320	UV		1	gas	3.13	tetragonal	0.1	70.1
41	10	10.1002/adsu.201700048	Pt/Cu–CsCa2Ta3O10 (R-Pt/Cu-bulk)	layered	CsCa2Ta3O10	Cs	1	Ca	2	Ta	3	O	10	Yes		UT	none		1.98	impregnation	Pt	0.97	impregnation	Cu	5	4	550	0.02		visible		1	gas	3.7	tetragonal	4	0.1
42	10	10.1002/adsu.201700048	Pt–HCa2Ta3O10 (R-Pt-CNP)	layered	HCa2Ta3O10	H	1	Ca	2	Ta	3	O	10	Yes		UT	none		2.02	impregnation	Pt		impregnation	Cu	207	4	550	0.02		visible		1	gas	4.2		4	125
43	10	10.1002/adsu.201700048	Pt/Cu–HCa2Ta3O10 (R-Pt/Cu-CNP)	layered	HCa2Ta3O10	H	1	Ca	2	Ta	3	O	10	Yes		UT	none		2.05	impregnation	Pt	0.96	impregnation	Cu	205	4	550	0.02		visible		1	gas	4.2		4	120.6
44	11	10.1039/C6PP00235H	NaNbO3	niobate	NaNbO3	Na	1			Nb	1	O	3	No		SS	none			none	none		none	none	1	4	400	0.1	365	UV	50	2	gas	3.3	orthorhombic	0.138	6.927333333
45	11	10.1039/C6PP00235H	NaTaO3	tantalate	NaTaO3	Na	1			Ta	1	O	3	No		SS	none			none	none		none	none	1.1	4	400	0.1	365	UV	50	2	gas	4.05	monoclinic	0.138	6.497333333
46	12	https://doi.org/10.1007/s10562-020-03299-5	Bi2WO6	layered	Bi2WO6	Bi	2			W	1	O	6	No		HT	none			none	none		none	none	176	6	120	0.02		visible			gas	2.8	orthorhombic	13.8	4.041666667
47	12	https://doi.org/10.1007/s10562-020-03299-6	NH2 s-Bi2WO6	layered	Bi2WO6	Bi	2			W	1	O	6	Yes		HT	none			none	none		none	none	114	6	120	0.02		visible			gas	2.8	orthorhombic	13.8	3
48	13	https://doi.org/10.1016/j.cattod.2020.01.013	NaNbO3	niobate	NaNbO3	Na	1			Nb	1	O	3	No		HT	none			none	none		none	none	4.3	4	400	0.1	365	UV	25	1	gas	3.3	orthorhombic	0.138	10.50533333
49	13	https://doi.org/10.1016/j.cattod.2020.01.013	NaNb0.5Ta0.5O3	other	NaNb0.5Ta0.5O3	Na	1	Nb	0.5	Ta	0.5	O	3	No		HT	none			none	none		none	none	4.9	4	400	0.1	365	UV	25	1	gas	3.8	orthorhombic	0.138	5.372666667
50	13	https://doi.org/10.1016/j.cattod.2020.01.013	NaTaO3	tantalate	NaTaO3	Na	1			Ta	1	O	3	No		HT	none			none	none		none	none	6.3	4	400	0.1	365	UV	25	1	gas	4.1	orthorhombic	0.138	0.275333333
51	13	https://doi.org/10.1016/j.cattod.2020.01.013	0.1Ag/NaTaO3	tantalate	NaTaO3	Na	1			Ta	1	O	3	Yes		HT	none		0.1	none	Ag		none	none	4.6	4	400	0.1	365	UV	25	1	gas	3.3	orthorhombic	0.138	0.945333333
52	13	https://doi.org/10.1016/j.cattod.2020.01.013	0.5Ag/NaTaO3	tantalate	NaTaO3	Na	1			Ta	1	O	3	Yes		HT	none		0.5	none	Ag		none	none	4	4	400	0.1	365	UV	25	1	gas	3.3	orthorhombic	0.138	0.033333333
53	14	http://dx.doi.org/10.1016/j.apcatb.2014.07.052	La2Ti2O7	layered	La2Ti2O7	La	2			Ti	2	O	7	No		PC	none			none	none		none	none	5.5	4	1100	2		UV	25	1	gas	4.05	plane	9.7	2.9
54	14	http://dx.doi.org/10.1016/j.apcatb.2014.07.052	La2Ti2O7	layered	La2Ti2O7	La	2			Ti	2	O	7	Yes		PC	none		0.5	chemical reduction	Ag		none	none	5.5	4	1100	2		UV	25	1	gas	4.05	plane	9.7	7.35
55	14	http://dx.doi.org/10.1016/j.apcatb.2014.07.052	La2Ti2O7	layered	La2Ti2O7	La	2			Ti	2	O	7	Yes		PC	none		1	chemical reduction	Ag		none	none	5.5	4	1100	2		UV	25	1	gas	4.05	plane	9.7	7.7
56	14	http://dx.doi.org/10.1016/j.apcatb.2014.07.052	La2Ti2O7	layered	La2Ti2O7	La	2			Ti	2	O	7	Yes		PC	none		1.5	chemical reduction	Ag		none	none	5.5	4	1100	2		UV	25	1	gas	4.05	plane	9.7	6.7
57	14	http://dx.doi.org/10.1016/j.apcatb.2014.07.052	La2Ti2O7	layered	La2Ti2O7	La	2			Ti	2	O	7	Yes		PC	none		2	chemical reduction	Ag		none	none	5.5	4	1100	2		UV	25	1	gas	4.05	plane	9.7	6.2
58	15	10.1039/c4nr03019b	Au-LiTaO3	tantalate	LiTaO3	Li	1			Ta	1	O	3	Yes		generic	none		1	precipitation	Au		none	none	1	10	550	0.05		UV			gas	4.8		0.1	0.0421
59	15	10.1039/c4nr03019b	Au-NaTaO3	tantalate	NaTaO3	Na	1			Ta	1	O	3	Yes		generic	none		1	precipitation	Au		none	none	1	10	550	0.05		UV			gas	4		0.1	0.036
60	15	10.1039/c4nr03019b	Au-KTaO3	tantalate	KTaO3	K	1			Ta	1	O	3	Yes		generic	none		1	precipitation	Au		none	none	1	10	550	0.05		UV			gas	3.6	cubic	0.1	0.0132
61	16	https://doi.org/10.1016/j.joule.2019.06.001	RuO2/SrTiO3	titanate	SrTiO3	Sr	1			Ti	1	O	3	Yes		sonication	none		0.4	impregnation	Ru		none	none	30	2	350	0.05		visible	150	1	gas	2.19	cubic	4	654.2
62	17	10.1039/C6CC00836D	Ag@SrTiO3	titanate	SrTiO3	Sr	1			Ti	1	O	3	Yes		spin-coating	none		0.5	photodeposition	Rh		none	none	24	2	500	0.075	400	visible			gas	3.46	cubic	4	1.3
63	17	10.1039/C6CC00836D	Au@SrTiO3	titanate	SrTiO3	Sr	1			Ti	1	O	3	Yes		spin-coating	none		0.5	photodeposition	Au		none	none	24	2	500	0.075	400	visible			gas	3.46	cubic	4	8.7
64	17	10.1039/C6CC00836D	Rh-Au@SrTiO3	titanate	SrTiO3	Sr	1			Ti	1	O	3	Yes		spin-coating	none		0.5	impregnation	Au	0.5	impregnation	Rh	24	2	500	0.075	400	visible			gas	3.46	cubic	4	119.7
65	17	10.1039/C6CC00836D	Rh-Au@SrTiO3	titanate	SrTiO3	Sr	1			Ti	1	O	3	Yes		spin-coating	none		0.5	photodeposition	Au	0.5	photodeposition	Rh	24	2	500	0.075	400	visible			gas	3.46	cubic	4	441.6
66	18	https://doi.org/10.1016/j.apcatb.2010.03.021	LiTaO3	tantalate	LiTaO3	Li	1			Ta	1	O	3	No		SS	none			none	none		none	none	0.28	20	1100	2		UV	25	1	gas	4.9		0.33	0.016666667
67	18	https://doi.org/10.1016/j.apcatb.2010.03.021	LiTaO3	tantalate	LiTaO3	Li	1			Ta	1	O	3	No		SS	none			none	none		none	none	0.28	20	900	2		UV	25	1	gas	4.9		0.33	0.00625
68	18	https://doi.org/10.1016/j.apcatb.2010.03.021	LiTaO3	tantalate	LiTaO3	Li	1			Ta	1	O	3	No		SS	none			none	none		none	none	0.28	20	700	2		UV	25	1	gas	4.9		0.33	0.001
69	18	https://doi.org/10.1016/j.apcatb.2010.03.021	NaTaO3	tantalate	NaTaO3	Na	1			Ta	1	O	3	No		SS	none			none	none		none	none	0.1	20	1100	2		UV	25	1	gas	4.1		0.33	0.004166667
70	18	https://doi.org/10.1016/j.apcatb.2010.03.021	KTaO3	tantalate	KTaO3	K	1			Ta	1	O	3	No		SS	none			none	none		none	none	0.1	20	1100	2		UV	25	1	gas	3.7	cubic	0.33	0.002083333
71	19	https://doi.org/10.1039/C5RA16870H	KNbO3	niobate	KNbO3	K	1			Nb	1	O	3	Yes		HT	none		0.5	photodeposition	Pt		none	none	12	2	500	0.1	420	visible	25	1	gas	3.3	orthorhombic	4	0
72	19	https://doi.org/10.1039/C5RA16870H	g-C3N4/KNbO3	niobate	KNbO3	K	1			Nb	1	O	3	Yes		HT	none		0.5	photodeposition	Pt		none	none	9.4	2	500	0.1	420	visible	25	1	gas	3	orthorhombic	4	0.24375
73	20	dx.doi.org/10.1021/cs500848f	NaNbO3	niobate	NaNbO3	Na	1			Nb	1	O	3	Yes		HT	none		0.5	photodeposition	Pt		none	none	12	4	520	0.05	420	visible	25	1	gas	3.4	orthorhombic	4	0
74	20	dx.doi.org/10.1021/cs500848f	gC3N4/NaNbO3	niobate	NaNbO3	Na	1			Nb	1	O	3	Yes		HT	none		0.5	photodeposition	Pt		none	none	10.7	4	520	0.05	420	visible	25	1	gas	3	orthorhombic	4	6.4
75	21	https://doi.org/10.1016/j.jallcom.2019.01.325	H2SrTa2O7	layered	H2SrTa2O7	H	2	Sr	1	Ta	2	O	7	No		PC	none			none	none		none	none	5.5	1	350	0.3	200	UV			gas	3.75	tetragonal	2	0.71
76	21	https://doi.org/10.1016/j.jallcom.2019.01.325	H2SrTa2O7	layered	H2SrTa2O7	H	2	Sr	1	Ta	2	O	7	Yes		PC	none		0.3	photodeposition	Ag		none	none	3	1	350	0.3	200	UV			gas	3.75	tetragonal	2	0.62
77	21	https://doi.org/10.1016/j.jallcom.2019.01.325	H2SrTa2O7	layered	H2SrTa2O7	H	2	Sr	1	Ta	2	O	7	Yes		PC	none		0.5	photodeposition	Ag		none	none	3	1	350	0.3	200	UV			gas	3.75	tetragonal	2	0.64
78	21	https://doi.org/10.1016/j.jallcom.2019.01.325	H2SrTa2O7	layered	H2SrTa2O7	H	2	Sr	1	Ta	2	O	7	Yes		PC	none		1	photodeposition	Ag		none	none	3	1	350	0.3	200	UV			gas	3.75	tetragonal	2	0.57
79	22	https://doi.org/10.1016/j.ijhydene.2018.12.166	HST	layered	H2SrTa2O7	H	2	Sr	1	Ta	2	O	7	Yes		SS	none		1	photodeposition	Ag		none	none	3	6	900	0.2	200	UV			gas	3.9	tetragonal	2	0.46
80	22	https://doi.org/10.1016/j.ijhydene.2018.12.166	HST	layered	H2SrTa2O7	H	2	Sr	1	Ta	2	O	7	Yes		SS	none		1	photodeposition	Pd		none	none	3	6	900	0.2	200	UV			gas	3.9	tetragonal	2	16.78
81	22	https://doi.org/10.1016/j.ijhydene.2018.12.166	HST	layered	H2SrTa2O7	H	2	Sr	1	Ta	2	O	7	Yes		SS	none		1	photodeposition	Au		none	none	3	6	900	0.2	200	UV			gas	3.9	tetragonal	2	17.66
82	22	https://doi.org/10.1016/j.ijhydene.2018.12.166	HST	layered	H2SrTa2O7	H	2	Sr	1	Ta	2	O	7	Yes		SS	none		1	photodeposition	Cu2O		none	none	3	6	900	0.2	200	UV			gas	3.9	tetragonal	2	4.23
83	23	https://doi.org/10.1016/j.cej.2019.05.001	BWO-OV	layered	Bi2WO6	Bi	2			W	1	O	6	Yes		UT	none			none	none		none	none	24	4	400	0.4	400	visible	25	1	gas	2.26	orthorhombic	4	1.01875
84	23	https://doi.org/10.1016/j.cej.2019.05.001	2BWO-OV/BOI	layered	Bi2WO6	Bi	2			W	1	O	6	Yes	2	UT	none			none	none		none	none	24	4	400	0.4	400	visible	25	1	gas	2.26	orthorhombic	4	1.45875
85	23	https://doi.org/10.1016/j.cej.2019.05.001	4BWO-OV/BOI	layered	Bi2WO6	Bi	2			W	1	O	6	Yes	4	UT	none			none	none		none	none	24	4	400	0.4	400	visible	25	1	gas	2.26	orthorhombic	4	1.73375
86	23	https://doi.org/10.1016/j.cej.2019.05.001	6BWO-OV/BOI	layered	Bi2WO6	Bi	2			W	1	O	6	Yes	6	UT	none			none	none		none	none	24	4	400	0.4	400	visible	25	1	gas	2.26	orthorhombic	4	1.9975
87	23	https://doi.org/10.1016/j.cej.2019.05.001	8BWO-OV/BOI	layered	Bi2WO6	Bi	2			W	1	O	6	Yes	8	UT	none			none	none		none	none	24	4	400	0.4	400	visible	25	1	gas	2.26	orthorhombic	4	2.29
88	23	https://doi.org/10.1016/j.cej.2019.05.001	10BWO-OV/BOI	layered	Bi2WO6	Bi	2			W	1	O	6	Yes	10	UT	none			none	none		none	none	24	4	400	0.4	400	visible	25	1	gas	2.26	orthorhombic	4	2.10375
89	23	https://doi.org/10.1016/j.cej.2019.05.001	15BWO-OV/BOI	layered	Bi2WO6	Bi	2			W	1	O	6	Yes	15	UT	none			none	none		none	none	24	4	400	0.4	400	visible	25	1	gas	2.26	orthorhombic	4	1.89125
90	23	https://doi.org/10.1016/j.cej.2019.05.001	20BWO-OV/BOI	layered	Bi2WO6	Bi	2			W	1	O	6	Yes	20	UT	none			none	none		none	none	24	4	400	0.4	400	visible	25	1	gas	2.26	orthorhombic	4	1.68125
91	24	https://doi.org/10.1002/adfm.201800136	Ti3C2/Bi2WO6	layered	Bi2WO6	Bi	2			W	1	O	6	Yes	0	UT	none			none	none		none	none	17	24	120	0.1	760	visible	25	1	gas	2.9	orthorhombic	4	0.48
92	24	https://doi.org/10.1002/adfm.201800136	Ti3C2/Bi2WO6	layered	Bi2WO6	Bi	2			W	1	O	6	Yes	0.5	UT	none			none	none		none	none	24	24	120	0.1	760	visible	25	1	gas	2.9	orthorhombic	4	1.12
93	24	https://doi.org/10.1002/adfm.201800136	Ti3C2/Bi2WO6	layered	Bi2WO6	Bi	2			W	1	O	6	Yes	1	UT	none			none	none		none	none	25	24	120	0.1	760	visible	25	1	gas	2.9	orthorhombic	4	2.04
94	24	https://doi.org/10.1002/adfm.201800136	Ti3C2/Bi2WO6	layered	Bi2WO6	Bi	2			W	1	O	6	Yes	2	UT	none			none	none		none	none	36	24	120	0.1	760	visible	25	1	gas	2.9	orthorhombic	4	2.22
95	24	https://doi.org/10.1002/adfm.201800136	Ti3C2/Bi2WO6	layered	Bi2WO6	Bi	2			W	1	O	6	Yes	5	UT	none			none	none		none	none	17	24	120	0.1	760	visible	25	1	gas	2.9	orthorhombic	4	1.07
96	25	https://doi.org/10.1016/j.apsusc.2017.01.171	MoS2/Bi2WO6	layered	Bi2WO6	Bi	2			W	1	O	6	Yes	0.2	HT	none			none	none		none	none	24	2	400	0.05	420	visible	4	1	gas	2.59	orthorhombic	4	14.725
97	25	https://doi.org/10.1016/j.apsusc.2017.01.171	MoS2/Bi2WO6	layered	Bi2WO6	Bi	2			W	1	O	6	Yes	0.3	HT	none			none	none		none	none	24	2	400	0.05	420	visible	4	1	gas	2.62	orthorhombic	4	14.74
98	25	https://doi.org/10.1016/j.apsusc.2017.01.171	MoS2/Bi2WO6	layered	Bi2WO6	Bi	2			W	1	O	6	Yes	0.4	HT	none			none	none		none	none	24	2	400	0.05	420	visible	4	1	gas	2.55	orthorhombic	4	18.2
99	25	https://doi.org/10.1016/j.apsusc.2017.01.171	MoS2/Bi2WO6	layered	Bi2WO6	Bi	2			W	1	O	6	Yes	0.5	HT	none			none	none		none	none	24	2	400	0.05	420	visible	4	1	gas	2.6	orthorhombic	4	12.6
100	26	https://doi.org/10.1007/s12274-017-1435-4	PBW	layered	Bi2WO6	Bi	2			W	1	O	6	Yes		HT	none			none	none		none	none	18.7	24	140		400	visible	25	1	gas	2.7	orthorhombic	4	0.095
101	26	https://doi.org/10.1007/s12274-017-1435-4	UBW	layered	Bi2WO6	Bi	2			W	1	O	6	Yes		HT	none			none	none		none	none	25.63	24	140		400	visible	25	1	gas	2.7	orthorhombic	4	0.29125
102	26	https://doi.org/10.1007/s12274-017-1435-4	0.5CQDs/UBW	layered	Bi2WO6	Bi	2			W	1	O	6	Yes	0.5	HT	none			none	none		none	none	25.96	24	140		400	visible	25	1	gas	2.7	orthorhombic	4	0.70625
103	26	https://doi.org/10.1007/s12274-017-1435-4	1CQDs/UBW	layered	Bi2WO6	Bi	2			W	1	O	6	Yes	1	HT	none			none	none		none	none	26.21	24	140		400	visible	25	1	gas	2.7	orthorhombic	4	0.89875
104	26	https://doi.org/10.1007/s12274-017-1435-4	3CQDs/UBW	layered	Bi2WO6	Bi	2			W	1	O	6	Yes	3	HT	none			none	none		none	none	26.73	24	140		400	visible	25	1	gas	2.7	orthorhombic	4	0.58875
105	26	https://doi.org/10.1007/s12274-017-1435-4	5CQDs/UBW	layered	Bi2WO6	Bi	2			W	1	O	6	Yes	5	HT	none			none	none		none	none	27.14	24	140		400	visible	25	1	gas	2.7	orthorhombic	4	0.49375
106	27	https://doi.org/10.1039/C4TA06295G	Bi2WO6	layered	Bi2WO6	Bi	2			W	1	O	6	No		HT	none			none	none		none	none	4.1	2	150	0.1	420	visible	25	1	gas	2.75	orthorhombic	4	0.8125
107	27	https://doi.org/10.1039/C4TA06295G	g-C3N4-0.05/Bi2WO6	layered	Bi2WO6	Bi	2			W	1	O	6	Yes	0.05 by weight	HT	none			none	none		none	none	8.7	2	150	0.1	420	visible	25	1	gas	2.69	orthorhombic	4	1.8125
108	27	https://doi.org/10.1039/C4TA06295G	g-C3N4-0.1/Bi2WO7	layered	Bi2WO6	Bi	2			W	1	O	6	Yes	0.1	HT	none			none	none		none	none	9.1	2	150	0.1	420	visible	25	1	gas	2.69	orthorhombic	4	5.2
109	27	https://doi.org/10.1039/C4TA06295G	g-C3N4-0.15/Bi2WO8	layered	Bi2WO6	Bi	2			W	1	O	6	Yes	0.15	HT	none			none	none		none	none	18	2	150	0.1	420	visible	25	1	gas	2.69	orthorhombic	4	4.1625
110	27	https://doi.org/10.1039/C4TA06295G	g-C3N4-0.2/Bi2WO9	layered	Bi2WO6	Bi	2			W	1	O	6	Yes	0.2	HT	none			none	none		none	none	25.2	2	150	0.1	420	visible	25	1	gas	2.69	orthorhombic	4	2.9875
111	28	https://doi.org/10.1016/j.apcata.2011.10.044	KNb3O8	layered	KNb3O8	K	1			Nb	3	O	8	No		SS	none			none	none		none	none	2.7	4	700	0.1		visible	25	1	gas	3.7	orthorhombic	0.08	0.11
112	28	https://doi.org/10.1016/j.apcata.2011.10.044	HNb3O8	layered	HNb3O8	H	1			Nb	3	O	8	No		SS	none			none	none		none	none	6.5	4	700	0.1		visible	25	1	gas	3.74	orthorhombic	0.08	0.17
113	28	https://doi.org/10.1016/j.apcata.2011.10.044	KNb3O8	layered	KNb3O8	K	1			Nb	3	O	8	No		HT	none			none	none		none	none	28.8	4	700	0.1		visible	25	1	gas	3.66	orthorhombic	0.08	1.71
114	28	https://doi.org/10.1016/j.apcata.2011.10.044	HNb3O8	layered	HNb3O8	H	1			Nb	3	O	8	No		HT	none			none	none		none	none	39.4	4	700	0.1		visible	25	1	gas	3.66	orthorhombic	0.08	3.58
115	29	10.1039/c2ta00260d	NaNbO3	niobate	NaNbO3	Na	1			Nb	1	O	3	Yes		FAPO	none		0.5	photodeposition	Pt		none	none	42.1	10	500	0.3		visible			gas	3.25	cubic	0.08	1.7625
116	29	10.1039/c2ta00260d	NaNbO3	niobate	NaNbO3	Na	1			Nb	1	O	3	Yes		FAPO	none		0.5	photodeposition	Pt		none	none	27.5	10	600	0.3		visible			gas	3.25	cubic	0.08	0.958333333
117	29	10.1039/c2ta00260d	NaNbO3	niobate	NaNbO3	Na	1			Nb	1	O	3	Yes		FAPO	none		0.5	photodeposition	Pt		none	none	12.4	10	700	0.3		visible			gas	3.4	orthorhombic	0.08	0.25
118	29	10.1039/c2ta00260d	NaNbO3	niobate	NaNbO3	Na	1			Nb	1	O	3	Yes		FAPO	none		0.5	photodeposition	Pt		none	none	8.9	10	800	0.3		visible			gas	3.4	orthorhombic	0.08	0.054166667
119	29	10.1039/c2ta00260d	NaNbO3	niobate	NaNbO3	Na	1			Nb	1	O	3	Yes		FAPO	none		0.5	photodeposition	Pt		none	none	6.8	10	900	0.3		visible			gas	3.4	orthorhombic	0.08	0.004166667
120	30	https://doi.org/10.3390/catal11040461	RuO2-SrTiO3	titanate	SrTiO3	Sr	1			Ti	1	O	3	Yes		sonication	none		0.2	impregnation	Ru		none	none	30	2	350	0.02		visible	200	1.5	gas	2.7	cubic	4	17
121	30	https://doi.org/10.3390/catal11040461	RuO2-SrTiO3	titanate	SrTiO3	Sr	1			Ti	1	O	3	Yes		sonication	none		0.4	impregnation	Ru		none	none	30	2	350	0.02		visible	200	1.5	gas	2.87	cubic	4	41
122	30	https://doi.org/10.3390/catal11040461	RuO2-SrTiO3	titanate	SrTiO3	Sr	1			Ti	1	O	3	Yes		sonication	none		0.8	impregnation	Ru		none	none	30	2	350	0.02		visible	200	1.5	gas	2.88	cubic	4	60
123	30	https://doi.org/10.3390/catal11040461	RuO2-SrTiO3	titanate	SrTiO3	Sr	1			Ti	1	O	3	Yes		sonication	none		0.8	impregnation	Ru		none	none	30	2	350	0.02		visible	150	1.5	gas	2.88	cubic	4	28.45
124	30	https://doi.org/10.3390/catal11040461	RuO2-SrTiO3	titanate	SrTiO3	Sr	1			Ti	1	O	3	Yes		sonication	none		0.8	impregnation	Ru		none	none	30	2	350	0.02		visible	100	1.5	gas	2.88	cubic	4	22.8
125	30	https://doi.org/10.3390/catal11040461	RuO2-SrTiO3	titanate	SrTiO3	Sr	1			Ti	1	O	3	Yes		sonication	none		0.8	impregnation	Ru		none	none	30	2	350	0.02		visible	50	1.5	gas	2.88	cubic	4	15.5
126	31	10.1039/C4PP00407H	Bi2WO6	layered	Bi2WO6	Bi	2			W	1	O	6	Yes		HT	none		0.5	photodeposition	Pt		none	none	40	4	300	2.2		visible	140		gas	2.9	orthorhombic	2	6.7
127	32	https://doi.org/10.1039/C4TA00105B	NaNbO3	niobate	NaNbO3	Na	1			Nb	1	O	3	Yes		PC	none		0.5	photodeposition	Pt		none	none	71.2	10	400	0.25	300	UV			gas	2.16	cubic	2	1.964
128	32	https://doi.org/10.1039/C4TA00105B	NaNbO3	niobate	NaNbO3	Na	1			Nb	1	O	3	Yes		PC	none		0.5	photodeposition	Pt		none	none	64.4	10	450	0.25	300	UV			gas	2.15	cubic	2	2.184
129	32	https://doi.org/10.1039/C4TA00105B	NaNbO3	niobate	NaNbO3	Na	1			Nb	1	O	3	Yes		PC	none		0.5	photodeposition	Pt		none	none	58.2	10	475	0.25	300	UV			gas	2.14	cubic	2	2.344
130	32	https://doi.org/10.1039/C4TA00105B	NaNbO3	niobate	NaNbO3	Na	1			Nb	1	O	3	Yes		PC	none		0.5	photodeposition	Pt		none	none	50.2	10	500	0.25	300	UV			gas	2.12	cubic-orthorhombic	2	2.3
131	32	https://doi.org/10.1039/C4TA00105B	NaNbO3	niobate	NaNbO3	Na	1			Nb	1	O	3	Yes		PC	none		0.5	photodeposition	Pt		none	none	43.1	10	525	0.25	300	UV			gas	2.1	orthorhombic	2	1.984
132	32	https://doi.org/10.1039/C4TA00105B	NaNbO3	niobate	NaNbO3	Na	1			Nb	1	O	3	Yes		PC	none		0.5	photodeposition	Pt		none	none	34.5	10	550	0.25	300	UV			gas	2.08	orthorhombic	2	1.356
133	32	https://doi.org/10.1039/C4TA00105B	NaNbO3	niobate	NaNbO3	Na	1			Nb	1	O	3	Yes		PC	none		0.5	photodeposition	Pt		none	none	28.3	10	600	0.25	300	UV			gas	2.06	orthorhombic	2	0.876
309	62	https://doi.org/10.1016/j.jece.2023.109615	CaTiO3	titanate	CaTiO3	Ca	1			Ti	1	O	3	No		HT	none			none	none		none	none	47.89		1575	0.02		visible	30		gas	3.5	orthorhombic	0.67	13.09
317	64	https://doi.org/10.1007/s12274-023-6285-7	LaFeO3	ferrite	LaFeO3	La	1			Fe	1	O	3	No		SG	none		8	none	none		none	none		4	700	0.1		UV	25	1	gas	2.2	orthorhombic	2	3.9
318	64	https://doi.org/10.1007/s12274-023-6285-7	LaFeO3	ferrite	LaFeO3	La	1			Fe	1	O	3	Yes		SG	Bi		8	none	none		none	none		4	700	0.1		UV	25	1	gas	2.12	orthorhombic	2	6.9
319	64	https://doi.org/10.1007/s12274-023-6285-7	LaFeO3	ferrite	LaFeO3	La	1			Fe	1	O	3	Yes		SG	Y		8	none	none		none	none		4	700	0.1		UV	25	1	gas	2.02	orthorhombic	2	3.2
320	64	https://doi.org/10.1007/s12274-023-6285-7	LaFeO3	ferrite	LaFeO3	La	1			Fe	1	O	3	Yes		SG	Ce		8	none	none		none	none		4	700	0.1		UV	25	1	gas	1.98	orthorhombic	2	2.1
